peak_date,trough_date,recovery_date,depth,peak_to_trough_days,trough_to_recovery_days,total_days,recovered,ticker
2005-02-25,2005-02-28,2005-03-04,-0.006834957756460369,3,4.0,7.0,True,SPY
2005-03-07,2005-04-20,2005-07-14,-0.0734619866252364,44,85.0,129.0,True,SPY
2005-07-14,2005-07-18,2005-07-19,-0.004885665516416227,4,1.0,5.0,True,SPY
2005-07-20,2005-07-21,2005-07-22,-0.005607376535334385,1,1.0,2.0,True,SPY
2005-07-22,2005-07-25,2005-07-27,-0.002900822301815542,3,2.0,5.0,True,SPY
2005-07-28,2005-08-01,2005-08-03,-0.007570587378539773,4,2.0,6.0,True,SPY
2005-08-03,2005-10-13,2005-11-18,-0.058758934507978755,71,36.0,107.0,True,SPY
2005-11-25,2005-11-30,2005-12-13,-0.013751672838203777,5,13.0,18.0,True,SPY
2005-12-14,2005-12-30,2006-01-06,-0.025912099410319023,16,7.0,23.0,True,SPY
2006-01-11,2006-02-07,2006-02-24,-0.029831255217838804,27,17.0,44.0,True,SPY
2006-02-27,2006-03-09,2006-03-14,-0.015638610817965692,10,5.0,15.0,True,SPY
2006-03-16,2006-04-11,2006-04-20,-0.018277591476985933,26,9.0,35.0,True,SPY
2006-04-21,2006-04-25,2006-04-28,-0.006116963456331392,4,3.0,7.0,True,SPY
2006-04-28,2006-05-01,2006-05-05,-0.008134169427354454,3,4.0,7.0,True,SPY
2006-05-05,2006-05-08,2006-05-09,-0.0011344965182693567,3,1.0,4.0,True,SPY
2006-05-09,2006-06-13,2006-09-26,-0.07591197365463731,35,105.0,140.0,True,SPY
2006-09-27,2006-10-02,2006-10-04,-0.004730653276074359,5,2.0,7.0,True,SPY
2006-10-05,2006-10-06,2006-10-10,-0.0012655315232398268,1,4.0,5.0,True,SPY
2006-10-10,2006-10-11,2006-10-12,-0.0012838569361808272,1,1.0,2.0,True,SPY
2006-10-16,2006-10-17,2006-10-20,-0.0031824811987345436,1,3.0,4.0,True,SPY
2006-10-26,2006-11-03,2006-11-08,-0.01583342674588062,8,5.0,13.0,True,SPY
2006-11-08,2006-11-09,2006-11-14,-0.0049926743003256835,1,5.0,6.0,True,SPY
2006-11-22,2006-11-27,2006-12-04,-0.017685035314891073,5,7.0,12.0,True,SPY
2006-12-05,2006-12-07,2006-12-14,-0.005343734585381066,2,7.0,9.0,True,SPY
2006-12-14,2007-01-05,2007-01-12,-0.01785148218927468,22,7.0,29.0,True,SPY
2007-01-12,2007-01-22,2007-01-24,-0.005899544866400652,10,2.0,12.0,True,SPY
2007-01-24,2007-01-29,2007-02-01,-0.013450734658599806,5,3.0,8.0,True,SPY
2007-02-07,2007-02-12,2007-02-14,-0.01211980579751537,5,2.0,7.0,True,SPY
2007-02-15,2007-02-16,2007-02-20,-0.000613393309568111,1,4.0,5.0,True,SPY
2007-02-20,2007-03-05,2007-04-16,-0.05945682080411818,13,42.0,55.0,True,SPY
2007-04-18,2007-04-19,2007-04-20,-0.0002463812750230776,1,1.0,2.0,True,SPY
2007-04-20,2007-04-23,2007-04-25,-0.0039155497030636255,3,2.0,5.0,True,SPY
2007-04-26,2007-04-30,2007-05-03,-0.009206252977092655,4,3.0,7.0,True,SPY
2007-05-07,2007-05-08,2007-05-09,-0.0015023909478798503,1,1.0,2.0,True,SPY
2007-05-09,2007-05-10,2007-05-16,-0.010656630172923842,1,6.0,7.0,True,SPY
2007-05-16,2007-05-17,2007-05-18,-0.0017782945471332967,1,1.0,2.0,True,SPY
2007-05-18,2007-05-24,2007-05-30,-0.009919826063323867,6,6.0,12.0,True,SPY
2007-05-30,2007-05-31,2007-06-01,-0.0010555381978163414,1,1.0,2.0,True,SPY
2007-06-04,2007-06-26,2007-07-12,-0.03784629358631475,22,16.0,38.0,True,SPY
2007-07-13,2007-07-18,2007-07-19,-0.0024023571560108925,5,1.0,6.0,True,SPY
2007-07-19,2007-08-15,2007-10-05,-0.09038254197765094,27,51.0,78.0,True,SPY
2007-10-05,2007-10-08,2007-10-09,-0.005488109096956628,3,1.0,4.0,True,SPY
2007-10-09,2009-03-09,2013-01-25,-0.5647328750103537,517,1418.0,1935.0,True,SPY
2013-01-25,2013-01-28,2013-01-29,-0.001281214095008254,3,1.0,4.0,True,SPY
2013-01-29,2013-01-31,2013-02-01,-0.00631429701925601,2,1.0,3.0,True,SPY
2013-02-01,2013-02-04,2013-02-08,-0.011306254156711049,3,4.0,7.0,True,SPY
2013-02-08,2013-02-11,2013-02-12,-0.00022087696335082452,3,1.0,4.0,True,SPY
2013-02-14,2013-02-15,2013-02-19,-0.0011007379020749886,1,4.0,5.0,True,SPY
2013-02-19,2013-02-25,2013-03-05,-0.02776157137300661,6,8.0,14.0,True,SPY
2013-03-11,2013-03-12,2013-03-14,-0.002284322543159356,1,2.0,3.0,True,SPY
2013-03-14,2013-03-21,2013-03-26,-0.010689043136509091,7,5.0,12.0,True,SPY
2013-03-28,2013-04-01,2013-04-02,-0.004071680515114973,4,1.0,5.0,True,SPY
2013-04-02,2013-04-05,2013-04-10,-0.01079964684366519,3,5.0,8.0,True,SPY
2013-04-11,2013-04-18,2013-04-29,-0.0317567567567566,7,11.0,18.0,True,SPY
2013-04-30,2013-05-01,2013-05-02,-0.00880303499535462,1,1.0,2.0,True,SPY
2013-05-08,2013-05-09,2013-05-10,-0.003050280429007124,1,1.0,2.0,True,SPY
2013-05-15,2013-05-16,2013-05-17,-0.004643928287030419,1,1.0,2.0,True,SPY
2013-05-17,2013-05-20,2013-05-21,-7.408011023113392e-05,3,1.0,4.0,True,SPY
2013-05-21,2013-06-24,2013-07-11,-0.05545036316030827,34,17.0,51.0,True,SPY
2013-07-15,2013-07-16,2013-07-18,-0.0034373560150073867,1,2.0,3.0,True,SPY
2013-07-22,2013-07-24,2013-08-01,-0.0061665251993238135,2,8.0,10.0,True,SPY
2013-08-02,2013-08-27,2013-09-17,-0.04449208941586169,25,21.0,46.0,True,SPY
2013-09-18,2013-10-08,2013-10-17,-0.03911297487472898,20,9.0,29.0,True,SPY
2013-10-22,2013-10-23,2013-10-25,-0.004876653457610125,1,2.0,3.0,True,SPY
2013-10-29,2013-10-31,2013-11-06,-0.007730516542200028,2,6.0,8.0,True,SPY
2013-10-29,2013-11-07,2013-11-08,-0.012621674461661736,9,1.0,10.0,True,SPY
2013-11-11,2013-11-12,2013-11-13,-0.001987893178351352,1,1.0,2.0,True,SPY
2013-11-15,2013-11-20,2013-11-22,-0.008605922179623082,5,2.0,7.0,True,SPY
2013-11-22,2013-11-25,2013-11-27,-0.0010964615426264368,3,2.0,5.0,True,SPY
2013-11-27,2013-12-05,2013-12-09,-0.012088899700649303,8,4.0,12.0,True,SPY
2013-12-09,2013-12-13,2013-12-18,-0.018147718379793232,4,5.0,9.0,True,SPY
2013-12-18,2013-12-19,2013-12-20,-0.001232456022197792,1,1.0,2.0,True,SPY
2013-12-26,2013-12-30,2013-12-31,-0.0002648427827031119,4,1.0,5.0,True,SPY
2013-12-31,2014-02-03,2014-02-24,-0.0571566023685095,34,21.0,55.0,True,SPY
2014-02-24,2014-02-25,2014-02-27,-0.00038178239719866003,1,2.0,3.0,True,SPY
2014-02-28,2014-03-03,2014-03-04,-0.006880913795807353,3,1.0,4.0,True,SPY
2014-03-07,2014-03-14,2014-04-01,-0.019054947044446324,7,18.0,25.0,True,SPY
2014-04-02,2014-04-11,2014-05-12,-0.038919619595210286,9,31.0,40.0,True,SPY
2014-05-13,2014-05-15,2014-05-23,-0.013606527050388229,2,8.0,10.0,True,SPY
2014-05-27,2014-05-28,2014-05-29,-0.0007150269558834355,1,1.0,2.0,True,SPY
2014-06-02,2014-06-03,2014-06-04,-0.0004775189122621093,1,1.0,2.0,True,SPY
2014-06-10,2014-06-12,2014-06-18,-0.010366514855779663,2,6.0,8.0,True,SPY
2014-06-20,2014-06-24,2014-07-01,-0.006487431371100749,4,7.0,11.0,True,SPY
2014-07-03,2014-07-17,2014-07-22,-0.012589293320190431,14,5.0,19.0,True,SPY
2014-07-24,2014-08-07,2014-08-20,-0.03829177519139826,14,13.0,27.0,True,SPY
2014-08-21,2014-08-22,2014-08-25,-0.0016324260269169333,1,3.0,4.0,True,SPY
2014-08-26,2014-08-28,2014-08-29,-0.0008429012661580471,2,1.0,3.0,True,SPY
2014-08-29,2014-09-04,2014-09-05,-0.0023978221284728374,6,1.0,7.0,True,SPY
2014-09-05,2014-09-15,2014-09-18,-0.01078351405815181,10,3.0,13.0,True,SPY
2014-09-18,2014-10-16,2014-10-31,-0.07275563071811453,28,15.0,43.0,True,SPY
2014-11-03,2014-11-04,2014-11-05,-0.003540023084520283,1,1.0,2.0,True,SPY
2014-11-11,2014-11-12,2014-11-13,-0.0011698656712030298,1,1.0,2.0,True,SPY
2014-11-18,2014-11-19,2014-11-20,-0.0014545497029565535,1,1.0,2.0,True,SPY
2014-11-24,2014-11-25,2014-11-26,-0.0006661916430601433,1,1.0,2.0,True,SPY
2014-11-26,2014-12-01,2014-12-03,-0.00902104331835607,5,2.0,7.0,True,SPY
2014-12-03,2014-12-04,2014-12-05,-0.0011550745311840194,1,1.0,2.0,True,SPY
2014-12-05,2014-12-16,2014-12-22,-0.048616201552624805,11,6.0,17.0,True,SPY
2014-12-29,2015-01-15,2015-02-12,-0.04617030772575892,17,28.0,45.0,True,SPY
2015-02-18,2015-02-19,2015-02-20,-0.0008237606662802044,1,1.0,2.0,True,SPY
2015-02-20,2015-02-23,2015-02-24,-0.00010739984964025506,3,1.0,4.0,True,SPY
2015-02-24,2015-02-27,2015-03-02,-0.005344187069096784,3,3.0,6.0,True,SPY
2015-03-02,2015-03-11,2015-04-23,-0.0354167722748856,9,43.0,52.0,True,SPY
2015-04-24,2015-05-06,2015-05-14,-0.01720681308930805,12,8.0,20.0,True,SPY
2015-05-18,2015-05-20,2015-05-21,-0.0010709146280245552,2,1.0,3.0,True,SPY
2015-05-21,2015-07-08,2015-07-17,-0.037526930206924325,48,9.0,57.0,True,SPY
2015-07-20,2016-02-11,2016-04-18,-0.13029326834804966,206,67.0,273.0,True,SPY
2016-04-20,2016-05-19,2016-05-27,-0.027932125267992047,29,8.0,37.0,True,SPY
2016-05-27,2016-05-31,2016-06-01,-0.0016444636390817724,4,1.0,5.0,True,SPY
2016-06-02,2016-06-03,2016-06-06,-0.0031669489701898756,1,3.0,4.0,True,SPY
2016-06-08,2016-06-27,2016-07-08,-0.05512384918895219,19,11.0,30.0,True,SPY
2016-07-12,2016-07-13,2016-07-14,-0.0001615865646157344,1,1.0,2.0,True,SPY
2016-07-14,2016-07-15,2016-07-18,-0.0012857257654085297,1,3.0,4.0,True,SPY
2016-07-18,2016-07-19,2016-07-20,-0.0010218712549221465,1,1.0,2.0,True,SPY
2016-07-20,2016-07-21,2016-07-22,-0.0037654136621582124,1,1.0,2.0,True,SPY
2016-07-22,2016-08-02,2016-08-05,-0.007802174376465576,11,3.0,14.0,True,SPY
2016-08-05,2016-08-08,2016-08-09,-0.0005571681002689566,3,1.0,4.0,True,SPY
2016-08-05,2016-08-10,2016-08-11,-0.0023772505611479033,5,1.0,6.0,True,SPY
2016-08-11,2016-08-12,2016-08-15,-0.000863096026051613,1,3.0,4.0,True,SPY
2016-08-15,2016-11-04,2016-11-15,-0.04320067649701398,81,11.0,92.0,True,SPY
2016-11-15,2016-11-16,2016-11-17,-0.0019264365146803852,1,1.0,2.0,True,SPY
2016-11-17,2016-11-18,2016-11-21,-0.0023511713777759624,1,3.0,4.0,True,SPY
2016-11-25,2016-12-01,2016-12-06,-0.008709804900370322,6,5.0,11.0,True,SPY
2016-12-09,2016-12-12,2016-12-13,-0.0011697274535034108,3,1.0,4.0,True,SPY
2016-12-13,2016-12-30,2017-01-04,-0.013021689330306008,17,5.0,22.0,True,SPY
2017-01-04,2017-01-05,2017-01-06,-0.0006722196389220558,1,1.0,2.0,True,SPY
2017-01-06,2017-01-19,2017-01-24,-0.005650514897499459,13,5.0,18.0,True,SPY
2017-01-25,2017-01-31,2017-02-09,-0.008874854081235561,6,9.0,15.0,True,SPY
2017-02-15,2017-02-16,2017-02-17,-0.0008336705392532062,1,1.0,2.0,True,SPY
2017-02-21,2017-02-22,2017-02-24,-0.0009248319807867444,1,2.0,3.0,True,SPY
2017-02-27,2017-02-28,2017-03-01,-0.002497331188623386,1,1.0,2.0,True,SPY
2017-03-01,2017-04-13,2017-05-02,-0.026057138490634513,43,19.0,62.0,True,SPY
2017-05-02,2017-05-03,2017-05-05,-0.001322738689867875,1,2.0,3.0,True,SPY
2017-05-05,2017-05-09,2017-05-10,-0.0011035165075604647,4,1.0,5.0,True,SPY
2017-05-10,2017-05-12,2017-05-15,-0.003769369711949855,2,3.0,5.0,True,SPY
2017-05-15,2017-05-17,2017-05-24,-0.0186259947704851,2,7.0,9.0,True,SPY
2017-05-25,2017-05-31,2017-06-01,-0.0013063203267215107,6,1.0,7.0,True,SPY
2017-06-02,2017-06-06,2017-06-13,-0.003973812992640768,4,7.0,11.0,True,SPY
2017-06-13,2017-06-15,2017-06-19,-0.003212330874742375,2,4.0,6.0,True,SPY
2017-06-19,2017-07-06,2017-07-14,-0.016692407945938625,17,8.0,25.0,True,SPY
2017-07-14,2017-07-17,2017-07-18,-0.00013861230600054064,3,1.0,4.0,True,SPY
2017-07-20,2017-07-24,2017-07-25,-0.00104706752207806,4,1.0,5.0,True,SPY
2017-07-26,2017-07-31,2017-08-02,-0.0026323392507462406,5,2.0,7.0,True,SPY
2017-08-02,2017-08-03,2017-08-07,-0.0019443565509683625,1,4.0,5.0,True,SPY
2017-08-07,2017-08-18,2017-09-11,-0.02076914977866695,11,24.0,35.0,True,SPY
2017-09-13,2017-09-14,2017-09-15,-0.000303883816599293,1,1.0,2.0,True,SPY
2017-09-20,2017-09-25,2017-09-28,-0.004411711581532973,5,3.0,8.0,True,SPY
2017-10-05,2017-10-09,2017-10-11,-0.002833074706273586,4,2.0,6.0,True,SPY
2017-10-11,2017-10-12,2017-10-16,-0.0014301147633890565,1,4.0,5.0,True,SPY
2017-10-20,2017-10-25,2017-10-27,-0.007101043857838607,5,2.0,7.0,True,SPY
2017-10-27,2017-10-30,2017-11-03,-0.0037852899426948916,3,4.0,7.0,True,SPY
2017-11-06,2017-11-07,2017-11-08,-0.0006630721178173538,1,1.0,2.0,True,SPY
2017-11-08,2017-11-15,2017-11-21,-0.010354023950217006,7,6.0,13.0,True,SPY
2017-11-21,2017-11-22,2017-11-24,-0.0009163196088054493,1,2.0,3.0,True,SPY
2017-11-24,2017-11-27,2017-11-28,-0.0004987098592771355,3,1.0,4.0,True,SPY
2017-11-28,2017-11-29,2017-11-30,-0.0005799292915842358,1,1.0,2.0,True,SPY
2017-11-30,2017-12-05,2017-12-08,-0.006970571067017151,5,3.0,8.0,True,SPY
2017-12-12,2017-12-14,2017-12-15,-0.004173350658805308,2,1.0,3.0,True,SPY
2017-12-18,2017-12-29,2018-01-02,-0.004930255937670158,11,4.0,15.0,True,SPY
2018-01-09,2018-01-10,2018-01-11,-0.0014117531518923476,1,1.0,2.0,True,SPY
2018-01-12,2018-01-16,2018-01-17,-0.0033671258569395457,4,1.0,5.0,True,SPY
2018-01-17,2018-01-18,2018-01-19,-0.0016432764280231993,1,1.0,2.0,True,SPY
2018-01-23,2018-01-24,2018-01-25,-0.00038861285039604176,1,1.0,2.0,True,SPY
2018-01-26,2018-02-08,2018-08-06,-0.10100471585318538,13,179.0,192.0,True,SPY
2018-08-07,2018-08-15,2018-08-20,-0.013331773149231618,8,5.0,13.0,True,SPY
2018-08-21,2018-08-23,2018-08-24,-0.0019372306160236885,2,1.0,3.0,True,SPY
2018-08-29,2018-09-07,2018-09-20,-0.013279527363469157,9,13.0,22.0,True,SPY
2018-09-20,2018-12-24,2019-04-12,-0.19351436257194576,95,109.0,204.0,True,SPY
2019-04-12,2019-04-15,2019-04-16,-0.000646864786345458,3,1.0,4.0,True,SPY
2019-04-12,2019-04-17,2019-04-22,-0.002424797240043408,5,5.0,10.0,True,SPY
2019-04-23,2019-04-25,2019-04-26,-0.0027957666246926083,2,1.0,3.0,True,SPY
2019-04-30,2019-05-02,2019-05-03,-0.009682970439690464,2,1.0,3.0,True,SPY
2019-04-30,2019-06-03,2019-06-20,-0.06619433878451464,34,17.0,51.0,True,SPY
2019-06-20,2019-06-26,2019-07-01,-0.013459070033165377,6,5.0,11.0,True,SPY
2019-07-03,2019-07-08,2019-07-11,-0.0065436174140646175,5,3.0,8.0,True,SPY
2019-07-15,2019-07-19,2019-07-24,-0.011891228312310043,4,5.0,9.0,True,SPY
2019-07-24,2019-07-25,2019-07-26,-0.0047504991466493784,1,1.0,2.0,True,SPY
2019-07-26,2019-08-05,2019-10-25,-0.06029865428361669,10,81.0,91.0,True,SPY
2019-10-28,2019-10-29,2019-10-30,-0.00031545967493318283,1,1.0,2.0,True,SPY
2019-10-30,2019-10-31,2019-11-01,-0.0026739784008321665,1,1.0,2.0,True,SPY
2019-11-04,2019-11-05,2019-11-07,-0.0010859530033499043,1,2.0,3.0,True,SPY
2019-11-08,2019-11-11,2019-11-12,-0.0018898735157280022,3,1.0,4.0,True,SPY
2019-11-18,2019-11-21,2019-11-25,-0.005603412227147331,3,4.0,7.0,True,SPY
2019-11-27,2019-12-03,2019-12-12,-0.018905832687171498,6,9.0,15.0,True,SPY
2019-12-26,2019-12-30,2020-01-02,-0.00577254239786662,4,3.0,7.0,True,SPY
2020-01-02,2020-01-03,2020-01-09,-0.0075864549475140874,1,6.0,7.0,True,SPY
2020-01-09,2020-01-10,2020-01-13,-0.002848634808329975,1,3.0,4.0,True,SPY
2020-01-13,2020-01-14,2020-01-15,-0.0015439786482269735,1,1.0,2.0,True,SPY
2020-01-17,2020-01-31,2020-02-05,-0.030798565840938763,14,5.0,19.0,True,SPY
2020-02-06,2020-02-07,2020-02-10,-0.005361452613505735,1,3.0,4.0,True,SPY
2020-02-12,2020-02-13,2020-02-14,-0.0010741586291813654,1,1.0,2.0,True,SPY
2020-02-14,2020-02-18,2020-02-19,-0.0026085981188611607,4,1.0,5.0,True,SPY
2020-02-19,2020-03-23,2020-08-10,-0.33715385820778576,33,140.0,173.0,True,SPY
2020-08-10,2020-08-11,2020-08-12,-0.008278150978921706,1,1.0,2.0,True,SPY
2020-08-12,2020-08-13,2020-08-17,-0.0017359678576189808,1,4.0,5.0,True,SPY
2020-08-18,2020-08-19,2020-08-21,-0.004180554413615534,1,2.0,3.0,True,SPY
2020-08-28,2020-08-31,2020-09-01,-0.003628843810041582,3,1.0,4.0,True,SPY
2020-09-02,2020-09-23,2020-11-11,-0.0943594503158588,21,49.0,70.0,True,SPY
2020-11-11,2020-11-12,2020-11-13,-0.009704179525826029,1,1.0,2.0,True,SPY
2020-11-16,2020-11-20,2020-11-24,-0.01990491768554592,4,4.0,8.0,True,SPY
2020-11-24,2020-11-25,2020-11-27,-0.0015798484167746096,1,2.0,3.0,True,SPY
2020-11-27,2020-11-30,2020-12-01,-0.00449307708325386,3,1.0,4.0,True,SPY
2020-12-02,2020-12-03,2020-12-04,-0.00027916065695809955,1,1.0,2.0,True,SPY
2020-12-04,2020-12-07,2020-12-08,-0.0020994408220118554,3,1.0,4.0,True,SPY
2020-12-08,2020-12-14,2020-12-16,-0.014862197634380792,6,2.0,8.0,True,SPY
2020-12-17,2020-12-22,2020-12-28,-0.009241005421389947,5,6.0,11.0,True,SPY
2020-12-28,2020-12-29,2020-12-31,-0.0018834863903838261,1,2.0,3.0,True,SPY
2020-12-31,2021-01-04,2021-01-07,-0.013598543277001829,4,3.0,7.0,True,SPY
2021-01-08,2021-01-15,2021-01-20,-0.014555533888625849,7,5.0,12.0,True,SPY
2021-01-21,2021-01-22,2021-01-25,-0.0035187616612534223,1,3.0,4.0,True,SPY
2021-01-25,2021-01-29,2021-02-04,-0.03726237842617153,4,6.0,10.0,True,SPY
2021-02-08,2021-02-10,2021-02-11,-0.0011259760498910643,2,1.0,3.0,True,SPY
2021-02-12,2021-03-04,2021-03-11,-0.040593470204766224,20,7.0,27.0,True,SPY
2021-03-15,2021-03-16,2021-03-17,-0.0012297947930649533,1,1.0,2.0,True,SPY
2021-03-17,2021-03-24,2021-03-26,-0.021339678380943528,7,2.0,9.0,True,SPY
2021-03-26,2021-03-30,2021-03-31,-0.0031439226851666113,4,1.0,5.0,True,SPY
2021-04-05,2021-04-06,2021-04-07,-0.0005705264474177296,1,1.0,2.0,True,SPY
2021-04-13,2021-04-14,2021-04-15,-0.0034410079948307137,1,1.0,2.0,True,SPY
2021-04-16,2021-04-20,2021-04-26,-0.012215727463695258,4,6.0,10.0,True,SPY
2021-04-26,2021-04-28,2021-04-29,-0.0005171220636212004,2,1.0,3.0,True,SPY
2021-04-29,2021-05-04,2021-05-07,-0.010566903138821249,5,3.0,8.0,True,SPY
2021-05-07,2021-05-12,2021-06-04,-0.039601452546470406,5,23.0,28.0,True,SPY
2021-06-04,2021-06-09,2021-06-10,-0.002231963927855629,5,1.0,6.0,True,SPY
2021-06-14,2021-06-18,2021-06-24,-0.021090103434111995,4,6.0,10.0,True,SPY
2021-07-02,2021-07-06,2021-07-07,-0.0018148776174015113,4,1.0,5.0,True,SPY
2021-07-07,2021-07-08,2021-07-09,-0.008155354896370204,1,1.0,2.0,True,SPY
2021-07-12,2021-07-19,2021-07-23,-0.02770401413686885,7,4.0,11.0,True,SPY
2021-07-26,2021-08-02,2021-08-03,-0.007756611781819633,7,1.0,8.0,True,SPY
2021-08-03,2021-08-04,2021-08-05,-0.004903215313339371,1,1.0,2.0,True,SPY
2021-08-06,2021-08-09,2021-08-10,-0.0007797670714142502,3,1.0,4.0,True,SPY
2021-08-16,2021-08-18,2021-08-23,-0.017400685545934325,2,5.0,7.0,True,SPY
2021-08-25,2021-08-26,2021-08-27,-0.005892695126480274,1,1.0,2.0,True,SPY
2021-08-30,2021-08-31,2021-09-02,-0.0014512704449473057,1,2.0,3.0,True,SPY
2021-09-02,2021-10-04,2021-10-20,-0.05114307067969559,32,16.0,48.0,True,SPY
2021-10-21,2021-10-22,2021-10-25,-0.0010434298699190103,1,3.0,4.0,True,SPY
2021-10-26,2021-10-27,2021-10-28,-0.004454255647977634,1,1.0,2.0,True,SPY
2021-11-08,2021-11-10,2021-11-16,-0.011317758518598287,2,6.0,8.0,True,SPY
2021-11-16,2021-11-17,2021-11-18,-0.002445190527632257,1,1.0,2.0,True,SPY
2021-11-18,2021-12-01,2021-12-10,-0.04093476902821902,13,9.0,22.0,True,SPY
2021-12-10,2021-12-20,2021-12-23,-0.030047300814860955,10,3.0,13.0,True,SPY
2021-12-27,2021-12-28,2021-12-29,-0.0008169181105475154,1,1.0,2.0,True,SPY
2021-12-29,2021-12-31,2022-01-03,-0.005292155055094616,2,3.0,5.0,True,SPY
2022-01-03,2022-10-12,2023-12-13,-0.2449545088557996,282,427.0,709.0,True,SPY
2023-12-14,2023-12-15,2023-12-18,-0.0016466454461177005,1,3.0,4.0,True,SPY
2023-12-19,2023-12-20,2023-12-26,-0.013854747647195964,1,6.0,7.0,True,SPY
2023-12-28,2024-01-04,2024-01-19,-0.019740305129751445,7,15.0,22.0,True,SPY
2024-01-25,2024-01-26,2024-01-29,-0.0012697646147825647,1,3.0,4.0,True,SPY
2024-01-29,2024-01-31,2024-02-02,-0.017080408192806096,2,2.0,4.0,True,SPY
2024-02-02,2024-02-05,2024-02-07,-0.0036413926888561043,3,2.0,5.0,True,SPY
2024-02-09,2024-02-13,2024-02-15,-0.014204378467232548,4,2.0,6.0,True,SPY
2024-02-15,2024-02-20,2024-02-22,-0.01046002667114554,5,2.0,7.0,True,SPY
2024-02-23,2024-02-26,2024-02-29,-0.00366261531937373,3,3.0,6.0,True,SPY
2024-03-01,2024-03-05,2024-03-07,-0.01105701234851586,4,2.0,6.0,True,SPY
2024-03-07,2024-03-11,2024-03-12,-0.00685916802001707,4,1.0,5.0,True,SPY
2024-03-12,2024-03-15,2024-03-19,-0.010381262224668508,3,4.0,7.0,True,SPY
2024-03-21,2024-03-26,2024-03-27,-0.00649291461662127,5,1.0,6.0,True,SPY
2024-03-27,2024-04-19,2024-05-14,-0.05353699989934102,23,25.0,48.0,True,SPY
2024-05-15,2024-05-16,2024-05-20,-0.0020568776368081743,1,4.0,5.0,True,SPY
2024-05-21,2024-05-30,2024-06-05,-0.01646899175311567,9,6.0,15.0,True,SPY
2024-06-05,2024-06-07,2024-06-10,-0.0012349607540079743,2,3.0,5.0,True,SPY
2024-06-18,2024-06-24,2024-07-02,-0.0072913858618384175,6,8.0,14.0,True,SPY
2024-07-10,2024-07-11,2024-07-15,-0.008623247700317305,1,4.0,5.0,True,SPY
2024-07-16,2024-08-05,2024-09-19,-0.08405517897065728,20,45.0,65.0,True,SPY
2024-09-19,2024-09-20,2024-09-23,-0.001729063830389177,1,3.0,4.0,True,SPY
2024-09-24,2024-09-25,2024-09-26,-0.0022054795244480507,1,1.0,2.0,True,SPY
2024-09-26,2024-09-27,2024-09-30,-0.0014507509614523073,1,3.0,4.0,True,SPY
2024-09-30,2024-10-07,2024-10-09,-0.010387268667528482,7,2.0,9.0,True,SPY
2024-10-09,2024-10-10,2024-10-11,-0.0017489742431719968,1,1.0,2.0,True,SPY
2024-10-14,2024-10-15,2024-10-18,-0.007769361400173036,1,3.0,4.0,True,SPY
2024-10-18,2024-10-31,2024-11-06,-0.02728432403771508,13,6.0,19.0,True,SPY
2024-11-11,2024-11-15,2024-11-26,-0.02172740153589392,4,11.0,15.0,True,SPY
2024-11-26,2024-11-27,2024-11-29,-0.003029282505725983,1,2.0,3.0,True,SPY
2024-12-04,2024-12-05,2024-12-06,-0.0016462241183426984,1,1.0,2.0,True,SPY
2024-12-06,2025-01-10,2025-01-22,-0.04173648411473685,35,12.0,47.0,True,SPY
2025-01-23,2025-02-03,2025-02-18,-0.019647257378413774,11,15.0,26.0,True,SPY
2025-02-19,2025-04-08,2025-06-26,-0.18755277437767137,48,79.0,127.0,True,SPY
2025-06-30,2025-07-01,2025-07-02,-0.00032370316419849665,1,1.0,2.0,True,SPY
2025-07-03,2025-07-08,2025-07-10,-0.007995650366200757,5,2.0,7.0,True,SPY
2025-07-10,2025-07-15,2025-07-17,-0.0058802850659934736,5,2.0,7.0,True,SPY
2025-07-17,2025-07-18,2025-07-21,-0.0007324374243677934,1,3.0,4.0,True,SPY
2025-07-25,2025-08-01,2025-08-08,-0.024140637262596076,7,7.0,14.0,True,SPY
2025-08-08,2025-08-11,2025-08-12,-0.0019774631972127032,3,1.0,4.0,True,SPY
2025-08-14,2025-08-21,2025-08-22,-0.014574773238235639,7,1.0,8.0,True,SPY
2025-08-22,2025-08-25,2025-08-27,-0.004400985572825311,3,2.0,5.0,True,SPY
2025-08-28,2025-09-02,2025-09-04,-0.013329840350120192,5,2.0,7.0,True,SPY
2025-09-04,2025-09-05,2025-09-09,-0.002896228740448592,1,4.0,5.0,True,SPY
2025-09-11,2025-09-12,2025-09-15,-0.0003345346167298313,1,3.0,4.0,True,SPY
2025-09-15,2025-09-17,2025-09-18,-0.002617603001921598,2,1.0,3.0,True,SPY
2025-09-22,2025-09-25,2025-10-01,-0.013181572791074458,3,6.0,9.0,True,SPY
2025-10-02,2025-10-03,2025-10-06,-1.4942769194004057e-05,1,3.0,4.0,True,SPY
2025-10-06,2025-10-07,2025-10-08,-0.00370750882208426,1,1.0,2.0,True,SPY
2025-10-08,2025-10-10,2025-10-24,-0.02984653325608,2,14.0,16.0,True,SPY
2025-10-29,2025-11-20,2025-12-10,-0.050713568716449164,22,20.0,42.0,True,SPY
2025-12-11,2025-12-17,2025-12-24,-0.025784639493883876,6,7.0,13.0,True,SPY
2025-12-24,2025-12-29,,-0.0036646484544743396,5,,,False,SPY
2005-01-03,2005-04-20,2005-07-21,-0.12151939148660673,107,92.0,199.0,True,QQQ
2005-01-03,2005-07-25,2005-07-27,-0.0050906532413744765,203,2.0,205.0,True,QQQ
2005-07-28,2005-07-29,2005-08-02,-0.008362880619221635,1,4.0,5.0,True,QQQ
2005-08-02,2005-10-12,2005-11-04,-0.06466844829493523,71,23.0,94.0,True,QQQ
2005-11-11,2005-11-15,2005-11-16,-0.0044945108493134045,4,1.0,5.0,True,QQQ
2005-11-25,2005-11-30,2005-12-01,-0.015676216097293305,5,1.0,6.0,True,QQQ
2005-12-02,2005-12-30,2006-01-06,-0.038015892366344395,28,7.0,35.0,True,QQQ
2006-01-11,2006-07-21,2006-11-13,-0.1725227567219545,191,115.0,306.0,True,QQQ
2006-11-22,2006-12-22,2007-01-11,-0.03917581461542252,30,20.0,50.0,True,QQQ
2007-01-12,2007-01-26,2007-02-22,-0.03843386297581386,14,27.0,41.0,True,QQQ
2007-02-22,2007-03-05,2007-04-20,-0.07210870453616669,11,46.0,57.0,True,QQQ
2007-04-27,2007-04-30,2007-05-03,-0.012923821666201762,3,3.0,6.0,True,QQQ
2007-05-09,2007-05-15,2007-05-21,-0.015726859703635743,6,6.0,12.0,True,QQQ
2007-05-22,2007-05-24,2007-05-30,-0.018958362084261604,2,6.0,8.0,True,QQQ
2007-06-04,2007-06-07,2007-06-15,-0.02612185813922885,3,8.0,11.0,True,QQQ
2007-06-18,2007-06-26,2007-07-02,-0.01998724270153973,8,6.0,14.0,True,QQQ
2007-07-09,2007-07-10,2007-07-12,-0.008423278015576074,1,2.0,3.0,True,QQQ
2007-07-13,2007-07-16,2007-07-17,-0.001072600173194771,3,1.0,4.0,True,QQQ
2007-07-17,2007-07-18,2007-07-19,-0.0011994113658065908,1,1.0,2.0,True,QQQ
2007-07-19,2007-08-16,2007-09-21,-0.09668394426650018,28,36.0,64.0,True,QQQ
2007-09-27,2007-09-28,2007-10-01,-0.0034526882927378155,1,3.0,4.0,True,QQQ
2007-10-02,2007-10-03,2007-10-05,-0.006953892331569067,1,2.0,3.0,True,QQQ
2007-10-10,2007-10-11,2007-10-12,-0.01578211504581828,1,1.0,2.0,True,QQQ
2007-10-12,2007-10-16,2007-10-17,-0.012392125980845048,4,1.0,5.0,True,QQQ
2007-10-18,2007-10-19,2007-10-23,-0.024877635967811784,1,4.0,5.0,True,QQQ
2007-10-23,2007-10-25,2007-10-30,-0.020739154317860664,2,5.0,7.0,True,QQQ
2007-10-31,2008-11-20,2010-12-10,-0.5340204840498401,386,750.0,1136.0,True,QQQ
2010-12-10,2010-12-15,2010-12-16,-0.005939964305815004,5,1.0,6.0,True,QQQ
2010-12-21,2010-12-31,2011-01-03,-0.007697011784947971,10,3.0,13.0,True,QQQ
2011-01-03,2011-01-04,2011-01-05,-0.0007015407150777753,1,1.0,2.0,True,QQQ
2011-01-06,2011-01-07,2011-01-10,-0.0008973464184482971,1,3.0,4.0,True,QQQ
2011-01-18,2011-01-21,2011-01-27,-0.025819012109255968,3,6.0,9.0,True,QQQ
2011-01-27,2011-01-28,2011-02-04,-0.025209348234469964,1,7.0,8.0,True,QQQ
2011-02-08,2011-02-09,2011-02-11,-0.0017450706655581794,1,2.0,3.0,True,QQQ
2011-02-14,2011-02-15,2011-02-16,-0.0014120151417744697,1,1.0,2.0,True,QQQ
2011-02-16,2011-03-16,2011-04-26,-0.08039163022748486,28,41.0,69.0,True,QQQ
2011-04-27,2011-06-17,2011-07-07,-0.08962230708650853,51,20.0,71.0,True,QQQ
2011-07-07,2011-07-14,2011-07-22,-0.035441851568477345,7,8.0,15.0,True,QQQ
2011-07-22,2011-07-25,2011-07-26,-0.001986983925566066,3,1.0,4.0,True,QQQ
2011-07-26,2011-08-19,2012-01-18,-0.16092676378839288,24,152.0,176.0,True,QQQ
2012-01-19,2012-01-24,2012-01-25,-0.0029834227105288713,5,1.0,6.0,True,QQQ
2012-01-25,2012-01-26,2012-01-30,-0.0035257091504363736,1,4.0,5.0,True,QQQ
2012-02-03,2012-02-06,2012-02-07,-0.0007989845632550008,3,1.0,4.0,True,QQQ
2012-02-09,2012-02-10,2012-02-13,-0.006974157647484325,1,3.0,4.0,True,QQQ
2012-02-14,2012-02-15,2012-02-16,-0.006999987522303797,1,1.0,2.0,True,QQQ
2012-02-16,2012-02-22,2012-02-23,-0.004841277289734713,6,1.0,7.0,True,QQQ
2012-02-28,2012-02-29,2012-03-01,-0.004508591400414708,1,1.0,2.0,True,QQQ
2012-03-01,2012-03-06,2012-03-09,-0.020809505379404625,5,3.0,8.0,True,QQQ
2012-03-15,2012-03-16,2012-03-19,-0.0007113829724318954,1,3.0,4.0,True,QQQ
2012-03-21,2012-03-23,2012-03-26,-0.002713138023146322,2,3.0,5.0,True,QQQ
2012-03-27,2012-03-30,2012-04-02,-0.009485660195023393,3,3.0,6.0,True,QQQ
2012-04-02,2012-06-01,2012-08-17,-0.11484517664431837,60,77.0,137.0,True,QQQ
2012-08-20,2012-08-21,2012-08-22,-0.004018402643944929,1,1.0,2.0,True,QQQ
2012-08-22,2012-08-30,2012-09-06,-0.010580778471100394,8,7.0,15.0,True,QQQ
2012-09-06,2012-09-11,2012-09-13,-0.01576938286350693,5,2.0,7.0,True,QQQ
2012-09-19,2012-11-15,2013-04-10,-0.11639799215416224,57,146.0,203.0,True,QQQ
2013-04-10,2013-04-18,2013-04-29,-0.040482163869744126,8,11.0,19.0,True,QQQ
2013-04-30,2013-05-01,2013-05-02,-0.00469255815852021,1,1.0,2.0,True,QQQ
2013-05-06,2013-05-07,2013-05-08,-0.00055973525289299,1,1.0,2.0,True,QQQ
2013-05-08,2013-05-09,2013-05-10,-0.001349789362621423,1,1.0,2.0,True,QQQ
2013-05-15,2013-05-16,2013-05-17,-0.0010790233934080407,1,1.0,2.0,True,QQQ
2013-05-17,2013-06-24,2013-07-11,-0.058593417299350525,38,17.0,55.0,True,QQQ
2013-07-15,2013-07-16,2013-07-17,-0.0012772890383375701,1,1.0,2.0,True,QQQ
2013-07-17,2013-07-23,2013-07-30,-0.01720423177817587,6,7.0,13.0,True,QQQ
2013-08-05,2013-08-07,2013-08-13,-0.0078054500204045585,2,6.0,8.0,True,QQQ
2013-08-13,2013-08-27,2013-09-09,-0.0254540548066724,14,13.0,27.0,True,QQQ
2013-09-10,2013-09-16,2013-09-17,-0.004701963703047651,6,1.0,7.0,True,QQQ
2013-09-19,2013-09-25,2013-10-01,-0.008812559777138462,6,6.0,12.0,True,QQQ
2013-10-01,2013-10-09,2013-10-14,-0.03388457447987059,8,5.0,13.0,True,QQQ
2013-10-14,2013-10-15,2013-10-16,-0.003903883970428512,1,1.0,2.0,True,QQQ
2013-10-22,2013-10-23,2013-10-25,-0.006114558645027635,1,2.0,3.0,True,QQQ
2013-10-29,2013-11-07,2013-11-13,-0.019458685333117343,9,6.0,15.0,True,QQQ
2013-11-15,2013-11-20,2013-11-22,-0.015087937403655216,5,2.0,7.0,True,QQQ
2013-11-29,2013-12-05,2013-12-06,-0.004125019627628568,6,1.0,7.0,True,QQQ
2013-12-09,2013-12-13,2013-12-20,-0.017373281487794934,4,7.0,11.0,True,QQQ
2013-12-26,2013-12-30,2013-12-31,-0.0039827601769113485,4,1.0,5.0,True,QQQ
2013-12-31,2014-01-13,2014-01-15,-0.022186570766195013,13,2.0,15.0,True,QQQ
2014-01-16,2014-01-17,2014-01-21,-0.005688563883406328,1,4.0,5.0,True,QQQ
2014-01-22,2014-02-03,2014-02-11,-0.05054019228863116,12,8.0,20.0,True,QQQ
2014-02-18,2014-02-19,2014-02-24,-0.006856627504509327,1,5.0,6.0,True,QQQ
2014-02-24,2014-02-26,2014-02-27,-0.0019781695726861503,2,1.0,3.0,True,QQQ
2014-02-27,2014-03-03,2014-03-04,-0.008524120791079115,4,1.0,5.0,True,QQQ
2014-03-05,2014-04-11,2014-05-27,-0.07420723800542262,37,46.0,83.0,True,QQQ
2014-05-27,2014-05-28,2014-05-29,-0.0030708628319910947,1,1.0,2.0,True,QQQ
2014-05-30,2014-06-03,2014-06-04,-0.0014099662350191,4,1.0,5.0,True,QQQ
2014-06-06,2014-06-09,2014-06-10,-0.0007252937969718376,3,1.0,4.0,True,QQQ
2014-06-10,2014-06-12,2014-06-18,-0.009260871201784204,2,6.0,8.0,True,QQQ
2014-06-18,2014-06-19,2014-06-20,-0.0006441875008816877,1,1.0,2.0,True,QQQ
2014-06-23,2014-06-24,2014-06-25,-0.0009679063855978498,1,1.0,2.0,True,QQQ
2014-07-03,2014-07-08,2014-07-14,-0.015072274940890917,5,6.0,11.0,True,QQQ
2014-07-14,2014-07-15,2014-07-16,-0.0034446720169585276,1,1.0,2.0,True,QQQ
2014-07-16,2014-07-17,2014-07-18,-0.013216790370429332,1,1.0,2.0,True,QQQ
2014-07-18,2014-07-21,2014-07-22,-0.0012428473905874426,3,1.0,4.0,True,QQQ
2014-07-23,2014-08-07,2014-08-15,-0.030967543772132733,15,8.0,23.0,True,QQQ
2014-08-27,2014-08-28,2014-08-29,-0.0010930278404486238,1,1.0,2.0,True,QQQ
2014-09-02,2014-09-04,2014-09-08,-0.006790110009802897,2,4.0,6.0,True,QQQ
2014-09-08,2014-09-15,2014-09-18,-0.01556433370471666,7,3.0,10.0,True,QQQ
2014-09-18,2014-10-16,2014-10-28,-0.08246994630551507,28,12.0,40.0,True,QQQ
2014-10-28,2014-10-29,2014-10-31,-0.003714131281842059,1,2.0,3.0,True,QQQ
2014-11-03,2014-11-04,2014-11-10,-0.003314664288662228,1,6.0,7.0,True,QQQ
2014-11-14,2014-11-17,2014-11-18,-0.0030160526055196257,3,1.0,4.0,True,QQQ
2014-11-18,2014-11-19,2014-11-21,-0.004760376887636197,1,2.0,3.0,True,QQQ
2014-11-28,2014-12-16,2015-02-12,-0.05675825117126465,18,58.0,76.0,True,QQQ
2015-02-24,2015-02-25,2015-02-26,-0.0025738485020800894,1,1.0,2.0,True,QQQ
2015-02-26,2015-02-27,2015-03-02,-0.00447801295638417,1,3.0,4.0,True,QQQ
2015-03-02,2015-03-11,2015-04-24,-0.03899854416527182,9,44.0,53.0,True,QQQ
2015-04-24,2015-05-06,2015-05-21,-0.03471961520412947,12,15.0,27.0,True,QQQ
2015-05-21,2015-05-26,2015-05-27,-0.01255790317221428,5,1.0,6.0,True,QQQ
2015-05-27,2015-06-09,2015-06-23,-0.02664211890080559,13,14.0,27.0,True,QQQ
2015-06-23,2015-07-09,2015-07-16,-0.042929450241395495,16,7.0,23.0,True,QQQ
2015-07-20,2015-08-25,2015-10-28,-0.13929885981927426,36,64.0,100.0,True,QQQ
2015-10-28,2015-10-30,2015-11-02,-0.005832224455706192,2,3.0,5.0,True,QQQ
2015-11-04,2015-11-13,2015-12-01,-0.04474708171206232,9,18.0,27.0,True,QQQ
2015-12-01,2016-02-09,2016-07-27,-0.16095665171898366,70,169.0,239.0,True,QQQ
2016-08-01,2016-08-02,2016-08-05,-0.007841188326568882,1,3.0,4.0,True,QQQ
2016-08-05,2016-08-08,2016-08-09,-0.0010958804029187474,3,1.0,4.0,True,QQQ
2016-08-09,2016-08-10,2016-08-11,-0.0024081658715462417,1,1.0,2.0,True,QQQ
2016-08-15,2016-08-31,2016-09-06,-0.010557030619919638,16,6.0,22.0,True,QQQ
2016-09-07,2016-09-09,2016-09-21,-0.030878881341521836,2,12.0,14.0,True,QQQ
2016-09-22,2016-09-26,2016-10-10,-0.014793507294020958,4,14.0,18.0,True,QQQ
2016-10-10,2016-10-17,2016-10-24,-0.020289260253927965,7,7.0,14.0,True,QQQ
2016-10-24,2016-11-04,2016-12-13,-0.04986524109835189,11,39.0,50.0,True,QQQ
2016-12-13,2016-12-16,2016-12-20,-0.004053194871251442,3,4.0,7.0,True,QQQ
2016-12-20,2016-12-22,2016-12-27,-0.003475307718702525,2,5.0,7.0,True,QQQ
2016-12-27,2016-12-30,2017-01-05,-0.019350137400022782,3,6.0,9.0,True,QQQ
2017-01-11,2017-01-12,2017-01-13,-0.0014409843562597224,1,1.0,2.0,True,QQQ
2017-01-13,2017-01-17,2017-01-20,-0.0028854932901514196,4,3.0,7.0,True,QQQ
2017-01-27,2017-01-31,2017-02-06,-0.009837392205953033,4,6.0,10.0,True,QQQ
2017-02-15,2017-02-16,2017-02-17,-0.000311728369742581,1,1.0,2.0,True,QQQ
2017-02-22,2017-02-23,2017-03-01,-0.0035845498585688196,1,6.0,7.0,True,QQQ
2017-03-01,2017-03-07,2017-03-13,-0.00711749515816662,6,6.0,12.0,True,QQQ
2017-03-13,2017-03-14,2017-03-15,-0.002450071729073633,1,1.0,2.0,True,QQQ
2017-03-15,2017-03-21,2017-03-29,-0.015326439513150603,6,8.0,14.0,True,QQQ
2017-03-30,2017-04-03,2017-04-04,-0.0013183652271183677,4,1.0,5.0,True,QQQ
2017-04-04,2017-04-13,2017-04-20,-0.01597507887695193,9,7.0,16.0,True,QQQ
2017-04-20,2017-04-21,2017-04-24,-0.0002394750706451454,1,3.0,4.0,True,QQQ
2017-04-25,2017-04-26,2017-04-27,-0.0013865388230871467,1,1.0,2.0,True,QQQ
2017-05-02,2017-05-03,2017-05-05,-0.003157708273965776,1,2.0,3.0,True,QQQ
2017-05-10,2017-05-11,2017-05-12,-0.0007494417423756783,1,1.0,2.0,True,QQQ
2017-05-16,2017-05-17,2017-05-24,-0.025202629444010416,1,7.0,8.0,True,QQQ
2017-05-30,2017-05-31,2017-06-01,-0.0003669340042982139,1,1.0,2.0,True,QQQ
2017-06-02,2017-06-06,2017-06-08,-0.004123696130069798,4,2.0,6.0,True,QQQ
2017-06-08,2017-07-03,2017-07-19,-0.04863737219605335,25,16.0,41.0,True,QQQ
2017-07-20,2017-07-21,2017-07-24,-0.00036611797785723876,1,3.0,4.0,True,QQQ
2017-07-24,2017-07-25,2017-07-26,-0.0025084404646448233,1,1.0,2.0,True,QQQ
2017-07-26,2017-08-10,2017-08-31,-0.026422023696751618,15,21.0,36.0,True,QQQ
2017-08-31,2017-09-08,2017-09-12,-0.01360387031554633,8,4.0,12.0,True,QQQ
2017-09-13,2017-09-25,2017-10-05,-0.02234544222199797,12,10.0,22.0,True,QQQ
2017-10-06,2017-10-09,2017-10-11,-0.0008277141531985999,3,2.0,5.0,True,QQQ
2017-10-11,2017-10-12,2017-10-13,-0.0018997068617127022,1,1.0,2.0,True,QQQ
2017-10-17,2017-10-26,2017-10-27,-0.014068881697028024,9,1.0,10.0,True,QQQ
2017-10-31,2017-11-02,2017-11-03,-0.002180685358255441,2,1.0,3.0,True,QQQ
2017-11-08,2017-11-15,2017-11-16,-0.012650376580444989,7,1.0,8.0,True,QQQ
2017-11-16,2017-11-20,2017-11-21,-0.0045521452325137934,4,1.0,5.0,True,QQQ
2017-11-24,2017-11-27,2017-11-28,-0.0004516620489278811,3,1.0,4.0,True,QQQ
2017-11-28,2017-12-04,2017-12-15,-0.02478744013345513,6,11.0,17.0,True,QQQ
2017-12-18,2017-12-29,2018-01-03,-0.017980104580188283,11,5.0,16.0,True,QQQ
2018-01-09,2018-01-10,2018-01-11,-0.0023342579840028854,1,1.0,2.0,True,QQQ
2018-01-12,2018-01-16,2018-01-17,-0.002824154830135428,4,1.0,5.0,True,QQQ
2018-01-23,2018-01-25,2018-01-26,-0.006808415648194566,2,1.0,3.0,True,QQQ
2018-01-26,2018-02-08,2018-03-09,-0.10217972761090788,13,29.0,42.0,True,QQQ
2018-03-12,2018-04-02,2018-06-04,-0.10523805210880655,21,63.0,84.0,True,QQQ
2018-06-06,2018-06-07,2018-06-14,-0.00806759595188089,1,7.0,8.0,True,QQQ
2018-06-14,2018-06-19,2018-06-20,-0.00695334699978134,5,1.0,6.0,True,QQQ
2018-06-20,2018-06-27,2018-07-10,-0.04245692583032579,7,13.0,20.0,True,QQQ
2018-07-10,2018-07-11,2018-07-12,-0.005213438035071238,1,1.0,2.0,True,QQQ
2018-07-13,2018-07-16,2018-07-17,-0.002390196695698843,3,1.0,4.0,True,QQQ
2018-07-17,2018-07-20,2018-07-24,-0.007063155999326276,3,4.0,7.0,True,QQQ
2018-07-25,2018-07-30,2018-08-27,-0.042221496766951416,5,28.0,33.0,True,QQQ
2018-08-29,2018-12-24,2019-04-12,-0.22799679280511798,117,109.0,226.0,True,QQQ
2019-04-23,2019-04-24,2019-04-25,-0.0031052674739632247,1,1.0,2.0,True,QQQ
2019-04-29,2019-05-02,2019-05-03,-0.015217699153604047,3,1.0,4.0,True,QQQ
2019-05-03,2019-06-03,2019-07-03,-0.10977189830693013,31,30.0,61.0,True,QQQ
2019-07-03,2019-07-08,2019-07-10,-0.009039345826826306,5,2.0,7.0,True,QQQ
2019-07-10,2019-07-11,2019-07-12,-0.0007438751583428438,1,1.0,2.0,True,QQQ
2019-07-15,2019-07-19,2019-07-24,-0.016205523030448865,4,5.0,9.0,True,QQQ
2019-07-24,2019-07-25,2019-07-26,-0.009483386787083936,1,1.0,2.0,True,QQQ
2019-07-26,2019-08-05,2019-10-25,-0.07456998277804938,10,81.0,91.0,True,QQQ
2019-10-28,2019-10-29,2019-11-01,-0.007817702298121398,1,3.0,4.0,True,QQQ
2019-11-05,2019-11-06,2019-11-07,-0.0022354463130659363,1,1.0,2.0,True,QQQ
2019-11-08,2019-11-11,2019-11-12,-0.0013487981796372894,3,1.0,4.0,True,QQQ
2019-11-13,2019-11-14,2019-11-15,-0.0008119135466234662,1,1.0,2.0,True,QQQ
2019-11-19,2019-11-21,2019-11-25,-0.008130122715949928,2,4.0,6.0,True,QQQ
2019-11-27,2019-12-03,2019-12-12,-0.022390723914781474,6,9.0,15.0,True,QQQ
2019-12-26,2019-12-30,2020-01-02,-0.0075038195988936796,4,3.0,7.0,True,QQQ
2020-01-02,2020-01-03,2020-01-08,-0.009138337501613969,1,5.0,6.0,True,QQQ
2020-01-09,2020-01-10,2020-01-13,-0.0025866870580683043,1,3.0,4.0,True,QQQ
2020-01-13,2020-01-14,2020-01-16,-0.0039534383216836,1,2.0,3.0,True,QQQ
2020-01-17,2020-01-21,2020-01-22,-0.00040723960960531436,4,1.0,5.0,True,QQQ
2020-01-23,2020-01-27,2020-02-04,-0.028881647381550635,4,8.0,12.0,True,QQQ
2020-02-06,2020-02-07,2020-02-10,-0.004320119993353577,1,3.0,4.0,True,QQQ
2020-02-12,2020-02-13,2020-02-14,-0.0012487424325325902,1,1.0,2.0,True,QQQ
2020-02-19,2020-03-16,2020-06-03,-0.2855553859239711,26,79.0,105.0,True,QQQ
2020-06-03,2020-06-04,2020-06-05,-0.006967866760791641,1,1.0,2.0,True,QQQ
2020-06-10,2020-06-11,2020-06-22,-0.049481599396770215,1,11.0,12.0,True,QQQ
2020-06-23,2020-06-26,2020-07-01,-0.03464697242392267,3,5.0,8.0,True,QQQ
2020-07-06,2020-07-07,2020-07-08,-0.006885532014934581,1,1.0,2.0,True,QQQ
2020-07-10,2020-07-13,2020-07-20,-0.020536564055357087,3,7.0,10.0,True,QQQ
2020-07-20,2020-07-24,2020-08-03,-0.042077354718699556,4,10.0,14.0,True,QQQ
2020-08-06,2020-08-11,2020-08-17,-0.03443402238867521,5,6.0,11.0,True,QQQ
2020-08-18,2020-08-19,2020-08-20,-0.006730128157641291,1,1.0,2.0,True,QQQ
2020-08-26,2020-08-27,2020-08-28,-0.003099840247140717,1,1.0,2.0,True,QQQ
2020-09-02,2020-09-23,2020-12-01,-0.1262178844093792,21,69.0,90.0,True,QQQ
2020-12-08,2020-12-09,2020-12-16,-0.022623363024274035,1,7.0,8.0,True,QQQ
2020-12-17,2020-12-23,2020-12-28,-0.007226350725940911,6,5.0,11.0,True,QQQ
2020-12-31,2021-01-06,2021-01-07,-0.01975336909590486,6,1.0,7.0,True,QQQ
2021-01-08,2021-01-15,2021-01-20,-0.022487993643788284,7,5.0,12.0,True,QQQ
2021-01-21,2021-01-22,2021-01-25,-0.0029055233243714396,1,3.0,4.0,True,QQQ
2021-01-26,2021-01-29,2021-02-04,-0.042681041509858186,3,6.0,9.0,True,QQQ
2021-02-08,2021-02-10,2021-02-11,-0.0024673127211198853,2,1.0,3.0,True,QQQ
2021-02-12,2021-03-08,2021-04-09,-0.10851164422211734,24,32.0,56.0,True,QQQ
2021-04-09,2021-04-12,2021-04-13,-0.0013073763389206405,3,1.0,4.0,True,QQQ
2021-04-13,2021-04-14,2021-04-15,-0.01201295183985951,1,1.0,2.0,True,QQQ
2021-04-16,2021-05-12,2021-06-14,-0.0734785983355759,26,33.0,59.0,True,QQQ
2021-06-14,2021-06-16,2021-06-17,-0.010148221755454934,2,1.0,3.0,True,QQQ
2021-06-17,2021-06-18,2021-06-22,-0.007882872856027734,1,4.0,5.0,True,QQQ
2021-06-24,2021-06-25,2021-06-28,-0.0012318009456485646,1,3.0,4.0,True,QQQ
2021-06-29,2021-06-30,2021-07-02,-0.0015803710988193664,1,2.0,3.0,True,QQQ
2021-07-07,2021-07-08,2021-07-09,-0.006030042431530824,1,1.0,2.0,True,QQQ
2021-07-14,2021-07-19,2021-07-22,-0.0231300419854108,5,3.0,8.0,True,QQQ
2021-07-26,2021-07-27,2021-08-05,-0.01101013777257931,1,9.0,10.0,True,QQQ
2021-08-05,2021-08-18,2021-08-23,-0.020169654404617265,13,5.0,18.0,True,QQQ
2021-08-25,2021-08-26,2021-08-27,-0.006315266172626233,1,1.0,2.0,True,QQQ
2021-08-30,2021-08-31,2021-09-01,-0.0008130540950197496,1,1.0,2.0,True,QQQ
2021-09-01,2021-09-02,2021-09-03,-0.00047881125690640847,1,1.0,2.0,True,QQQ
2021-09-07,2021-10-04,2021-10-28,-0.0761425807938183,27,24.0,51.0,True,QQQ
2021-11-05,2021-11-10,2021-11-18,-0.022813337027800862,5,8.0,13.0,True,QQQ
2021-11-19,2021-12-20,2021-12-27,-0.056498462239435,31,7.0,38.0,True,QQQ
2021-11-19,2022-11-03,2023-12-13,-0.35119666881826583,349,405.0,754.0,True,QQQ
2023-12-13,2023-12-14,2023-12-15,-0.000865090834537674,1,1.0,2.0,True,QQQ
2023-12-19,2023-12-20,2023-12-26,-0.0148594812600642,1,6.0,7.0,True,QQQ
2023-12-27,2024-01-04,2024-01-18,-0.036985261714733264,8,14.0,22.0,True,QQQ
2024-01-25,2024-01-26,2024-01-29,-0.005959329114701761,1,3.0,4.0,True,QQQ
2024-01-29,2024-01-31,2024-02-02,-0.02610903392339059,2,2.0,4.0,True,QQQ
2024-02-02,2024-02-06,2024-02-07,-0.0033110872107494638,4,1.0,5.0,True,QQQ
2024-02-09,2024-02-21,2024-02-22,-0.02617432956373822,12,1.0,13.0,True,QQQ
2024-02-22,2024-02-28,2024-02-29,-0.006388644862177384,6,1.0,7.0,True,QQQ
2024-03-01,2024-03-15,2024-03-21,-0.02623219893334905,14,6.0,20.0,True,QQQ
2024-03-22,2024-04-19,2024-05-15,-0.07108436450515021,28,26.0,54.0,True,QQQ
2024-05-15,2024-05-17,2024-05-20,-0.002516938798178381,2,3.0,5.0,True,QQQ
2024-05-21,2024-05-23,2024-05-24,-0.004695022216924638,2,1.0,3.0,True,QQQ
2024-05-28,2024-05-31,2024-06-05,-0.019512440685682142,3,5.0,8.0,True,QQQ
2024-06-05,2024-06-07,2024-06-10,-0.0012285252270926028,2,3.0,5.0,True,QQQ
2024-06-18,2024-06-24,2024-07-02,-0.02163545278104939,6,8.0,14.0,True,QQQ
2024-07-10,2024-08-07,2024-11-06,-0.13557819053325348,28,91.0,119.0,True,QQQ
2024-11-08,2024-11-15,2024-12-02,-0.03417429357973567,7,17.0,24.0,True,QQQ
2024-12-04,2024-12-05,2024-12-06,-0.002770109654167463,1,1.0,2.0,True,QQQ
2024-12-06,2024-12-10,2024-12-11,-0.011170789424045924,4,1.0,5.0,True,QQQ
2024-12-11,2024-12-12,2024-12-13,-0.006453017339289713,1,1.0,2.0,True,QQQ
2024-12-16,2025-01-14,2025-02-14,-0.05997345779341823,29,31.0,60.0,True,QQQ
2025-02-19,2025-04-08,2025-06-24,-0.22768355184633116,48,77.0,125.0,True,QQQ
2025-06-30,2025-07-01,2025-07-03,-0.008429410485098932,1,2.0,3.0,True,QQQ
2025-07-03,2025-07-07,2025-07-09,-0.007532990543310247,4,2.0,6.0,True,QQQ
2025-07-09,2025-07-11,2025-07-15,-0.0036853932584268723,2,4.0,6.0,True,QQQ
2025-07-17,2025-07-18,2025-07-21,-0.0009611961552152826,1,3.0,4.0,True,QQQ
2025-07-21,2025-07-22,2025-07-24,-0.005175744899586943,1,2.0,3.0,True,QQQ
2025-07-28,2025-08-01,2025-08-07,-0.025099447319322676,4,6.0,10.0,True,QQQ
2025-08-08,2025-08-11,2025-08-12,-0.002958837350970245,3,1.0,4.0,True,QQQ
2025-08-13,2025-08-21,2025-09-09,-0.02939656063686813,8,19.0,27.0,True,QQQ
2025-09-15,2025-09-17,2025-09-18,-0.00283937263385603,2,1.0,3.0,True,QQQ
2025-09-22,2025-09-25,2025-10-01,-0.014397210229159851,3,6.0,9.0,True,QQQ
2025-10-02,2025-10-03,2025-10-06,-0.004209796443960245,1,3.0,4.0,True,QQQ
2025-10-06,2025-10-07,2025-10-08,-0.005265669480508883,1,1.0,2.0,True,QQQ
2025-10-08,2025-10-10,2025-10-20,-0.035882506869030606,2,10.0,12.0,True,QQQ
2025-10-20,2025-10-22,2025-10-24,-0.009893056872812833,2,2.0,4.0,True,QQQ
2025-10-29,2025-11-20,,-0.0788020825141168,22,,,False,QQQ
2005-02-25,2005-02-28,2005-03-01,-0.006178179817451945,3,1.0,4.0,True,IWM
2005-03-01,2005-03-02,2005-03-04,-0.0017813639365368283,1,2.0,3.0,True,IWM
2005-03-04,2005-04-28,2005-07-05,-0.11590655918521886,55,68.0,123.0,True,IWM
2005-07-05,2005-07-06,2005-07-08,-0.00907418339592847,1,2.0,3.0,True,IWM
2005-07-11,2005-07-18,2005-07-20,-0.01738105266125889,7,2.0,9.0,True,IWM
2005-07-20,2005-07-21,2005-07-28,-0.015604549608663087,1,7.0,8.0,True,IWM
2005-07-28,2005-08-01,2005-08-02,-0.001529006976635383,4,1.0,5.0,True,IWM
2005-08-02,2005-10-12,2005-12-01,-0.09880680664139829,71,50.0,121.0,True,IWM
2005-12-02,2005-12-07,2005-12-12,-0.010249780691629407,5,5.0,10.0,True,IWM
2005-12-13,2005-12-30,2006-01-06,-0.031069371571157633,17,7.0,24.0,True,IWM
2006-01-10,2006-01-18,2006-01-19,-0.011182539391901503,8,1.0,9.0,True,IWM
2006-01-19,2006-01-20,2006-01-24,-0.011431782244189614,1,4.0,5.0,True,IWM
2006-01-27,2006-01-31,2006-02-01,-0.005742888101822663,4,1.0,5.0,True,IWM
2006-02-01,2006-02-13,2006-02-24,-0.03263734264540863,12,11.0,23.0,True,IWM
2006-02-27,2006-02-28,2006-03-01,-0.013129491510235458,1,1.0,2.0,True,IWM
2006-03-01,2006-03-09,2006-03-15,-0.03629828517555933,8,6.0,14.0,True,IWM
2006-03-15,2006-03-16,2006-03-17,-0.0022744527545707216,1,1.0,2.0,True,IWM
2006-03-17,2006-03-21,2006-03-22,-0.01439366735835923,4,1.0,5.0,True,IWM
2006-03-27,2006-03-28,2006-03-29,-0.005223724664935259,1,1.0,2.0,True,IWM
2006-03-29,2006-03-30,2006-03-31,-0.0025863512599935135,1,1.0,2.0,True,IWM
2006-03-31,2006-04-03,2006-04-05,-0.008317209606384712,3,2.0,5.0,True,IWM
2006-04-06,2006-04-11,2006-04-18,-0.03448190684095709,5,7.0,12.0,True,IWM
2006-04-19,2006-05-01,2006-05-05,-0.025875765252108773,12,4.0,16.0,True,IWM
2006-05-08,2006-06-13,2006-11-14,-0.141434676684571,36,154.0,190.0,True,IWM
2006-11-15,2006-11-17,2006-11-20,-0.0014400043065548873,2,3.0,5.0,True,IWM
2006-11-22,2006-11-27,2006-12-04,-0.026812490027334435,5,7.0,12.0,True,IWM
2006-12-05,2007-01-08,2007-02-01,-0.03715921204205175,34,24.0,58.0,True,IWM
2007-02-02,2007-02-05,2007-02-06,-0.0001305224564619456,3,1.0,4.0,True,IWM
2007-02-07,2007-02-12,2007-02-20,-0.014284595890768359,5,8.0,13.0,True,IWM
2007-02-22,2007-03-05,2007-04-16,-0.08760788145253218,11,42.0,53.0,True,IWM
2007-04-16,2007-04-19,2007-04-25,-0.013156448543969246,3,6.0,9.0,True,IWM
2007-04-26,2007-04-30,2007-05-22,-0.029219823633955477,4,22.0,26.0,True,IWM
2007-05-22,2007-05-24,2007-05-29,-0.015934820187777476,2,5.0,7.0,True,IWM
2007-06-04,2007-06-12,2007-07-06,-0.03870085707345838,8,24.0,32.0,True,IWM
2007-07-09,2009-03-09,2011-04-27,-0.5989414619683975,609,779.0,1388.0,True,IWM
2011-04-29,2011-10-03,2012-09-13,-0.2891094869870685,157,346.0,503.0,True,IWM
2012-09-14,2012-11-15,2013-01-02,-0.107120865997958,62,48.0,110.0,True,IWM
2013-01-02,2013-01-03,2013-01-04,-0.0023133047772493365,1,1.0,2.0,True,IWM
2013-01-04,2013-01-08,2013-01-09,-0.00450037144681803,4,1.0,5.0,True,IWM
2013-01-10,2013-01-11,2013-01-15,-0.0015351538533533438,1,4.0,5.0,True,IWM
2013-01-15,2013-01-16,2013-01-17,-0.0029833383854478424,1,1.0,2.0,True,IWM
2013-01-22,2013-01-23,2013-01-24,-0.002352806224867665,1,1.0,2.0,True,IWM
2013-01-29,2013-01-30,2013-02-01,-0.011964842857269176,1,2.0,3.0,True,IWM
2013-02-01,2013-02-04,2013-02-06,-0.012071991595528409,3,2.0,5.0,True,IWM
2013-02-06,2013-02-07,2013-02-08,-0.003316997633229679,1,1.0,2.0,True,IWM
2013-02-08,2013-02-11,2013-02-12,-0.0011319724620151295,3,1.0,4.0,True,IWM
2013-02-19,2013-02-25,2013-03-07,-0.03814244909241682,6,10.0,16.0,True,IWM
2013-03-08,2013-03-12,2013-03-13,-0.0024078555529274404,4,1.0,5.0,True,IWM
2013-03-14,2013-04-18,2013-05-03,-0.05244662567268865,35,15.0,50.0,True,IWM
2013-05-08,2013-05-09,2013-05-10,-0.003395801340918214,1,1.0,2.0,True,IWM
2013-05-10,2013-05-13,2013-05-14,-0.0007552480960721919,3,1.0,4.0,True,IWM
2013-05-15,2013-05-16,2013-05-17,-0.0025309469459483536,1,1.0,2.0,True,IWM
2013-05-21,2013-06-05,2013-06-18,-0.028220835061571026,15,13.0,28.0,True,IWM
2013-06-18,2013-06-24,2013-07-05,-0.04832117802953062,6,11.0,17.0,True,IWM
2013-07-15,2013-07-16,2013-07-18,-0.005124527545153024,1,2.0,3.0,True,IWM
2013-07-22,2013-07-24,2013-07-25,-0.00897984044718858,2,1.0,3.0,True,IWM
2013-07-25,2013-07-29,2013-08-01,-0.011079411085026525,4,3.0,7.0,True,IWM
2013-08-05,2013-08-19,2013-09-17,-0.04602429877543168,14,29.0,43.0,True,IWM
2013-09-18,2013-09-20,2013-09-26,-0.00465610495790314,2,6.0,8.0,True,IWM
2013-09-26,2013-09-27,2013-10-01,-0.004464877210619056,1,4.0,5.0,True,IWM
2013-10-01,2013-10-09,2013-10-14,-0.03890084924315662,8,5.0,13.0,True,IWM
2013-10-14,2013-10-15,2013-10-16,-0.009694848454265714,1,1.0,2.0,True,IWM
2013-10-18,2013-10-21,2013-10-22,-0.0018257511262189663,3,1.0,4.0,True,IWM
2013-10-22,2013-10-23,2013-10-24,-0.0031163540487192387,1,1.0,2.0,True,IWM
2013-10-25,2013-10-28,2013-10-29,-0.0005026556636422708,3,1.0,4.0,True,IWM
2013-10-29,2013-11-07,2013-11-22,-0.03630423109476966,9,15.0,24.0,True,IWM
2013-11-29,2013-12-11,2013-12-20,-0.03433097892940762,12,9.0,21.0,True,IWM
2013-12-26,2013-12-30,2013-12-31,-0.0011585003748089129,4,1.0,5.0,True,IWM
2013-12-31,2014-01-06,2014-01-10,-0.013420338620428018,6,4.0,10.0,True,IWM
2014-01-10,2014-01-13,2014-01-15,-0.013197121687367197,3,2.0,5.0,True,IWM
2014-01-16,2014-01-17,2014-01-21,-0.003644708423326093,1,4.0,5.0,True,IWM
2014-01-22,2014-02-03,2014-02-26,-0.0733499162879695,12,23.0,35.0,True,IWM
2014-02-27,2014-03-03,2014-03-04,-0.00979674835374722,4,1.0,5.0,True,IWM
2014-03-04,2014-05-15,2014-07-01,-0.0887909968447762,72,47.0,119.0,True,IWM
2014-07-01,2014-07-02,2014-07-03,-0.0038876044152744704,1,1.0,2.0,True,IWM
2014-07-03,2014-10-13,2014-12-22,-0.12710540266552584,102,70.0,172.0,True,IWM
2014-12-29,2015-01-15,2015-02-13,-0.051464534660348726,17,29.0,46.0,True,IWM
2015-02-26,2015-02-27,2015-03-02,-0.005524018251715557,1,3.0,4.0,True,IWM
2015-03-02,2015-03-10,2015-03-17,-0.025970184041380184,8,7.0,15.0,True,IWM
2015-03-20,2015-03-26,2015-04-10,-0.025902454888242388,6,15.0,21.0,True,IWM
2015-04-13,2015-04-14,2015-04-15,-0.0001756651120303765,1,1.0,2.0,True,IWM
2015-04-15,2015-05-05,2015-06-18,-0.04535661639641686,20,44.0,64.0,True,IWM
2015-06-18,2015-06-19,2015-06-22,-0.0005091166394849411,1,3.0,4.0,True,IWM
2015-06-23,2016-02-11,2016-11-11,-0.2568297127798834,233,274.0,507.0,True,IWM
2016-11-15,2016-11-16,2016-11-17,-8.328128253176637e-05,1,1.0,2.0,True,IWM
2016-11-25,2016-12-02,2016-12-06,-0.0237240668909241,7,4.0,11.0,True,IWM
2016-12-09,2016-12-14,2017-01-04,-0.022760434141431474,5,21.0,26.0,True,IWM
2017-01-04,2017-01-19,2017-02-10,-0.029102737108134824,15,22.0,37.0,True,IWM
2017-02-15,2017-02-17,2017-02-21,-0.0034414264597191213,2,4.0,6.0,True,IWM
2017-02-21,2017-02-28,2017-03-01,-0.016962663743743445,7,1.0,8.0,True,IWM
2017-03-01,2017-03-21,2017-04-25,-0.04565846488340408,20,35.0,55.0,True,IWM
2017-04-26,2017-05-17,2017-06-09,-0.04328691739381585,21,23.0,44.0,True,IWM
2017-06-09,2017-06-12,2017-06-13,-0.0017328793038214885,3,1.0,4.0,True,IWM
2017-06-13,2017-06-21,2017-07-03,-0.018708008777155172,8,12.0,20.0,True,IWM
2017-06-13,2017-07-06,2017-07-13,-0.016543882006077593,23,7.0,30.0,True,IWM
2017-07-17,2017-07-18,2017-07-19,-0.0025309420812303918,1,1.0,2.0,True,IWM
2017-07-20,2017-07-21,2017-07-25,-0.004284841349091573,1,4.0,5.0,True,IWM
2017-07-25,2017-08-21,2017-09-22,-0.06401149570022302,27,32.0,59.0,True,IWM
2017-10-03,2017-11-15,2017-11-21,-0.031195349726350408,43,6.0,49.0,True,IWM
2017-11-21,2017-11-27,2017-11-28,-0.0039170377050102845,6,1.0,7.0,True,IWM
2017-11-30,2017-12-14,2017-12-18,-0.02303508954241562,14,4.0,18.0,True,IWM
2017-12-18,2017-12-19,2017-12-28,-0.007870593915982549,1,9.0,10.0,True,IWM
2017-12-28,2017-12-29,2018-01-02,-0.00821492619671682,1,4.0,5.0,True,IWM
2018-01-08,2018-01-09,2018-01-11,-0.0012310975234421928,1,2.0,3.0,True,IWM
2018-01-12,2018-01-16,2018-01-19,-0.01283882083978638,4,3.0,7.0,True,IWM
2018-01-23,2018-02-08,2018-05-11,-0.0907096218222797,16,92.0,108.0,True,IWM
2018-05-11,2018-05-14,2018-05-16,-0.0038715569615227485,3,2.0,5.0,True,IWM
2018-05-21,2018-05-29,2018-05-30,-0.008758659645887956,8,1.0,9.0,True,IWM
2018-05-30,2018-05-31,2018-06-04,-0.007744789517127537,1,4.0,5.0,True,IWM
2018-06-06,2018-06-07,2018-06-12,-0.005405919259775516,1,5.0,6.0,True,IWM
2018-06-12,2018-06-13,2018-06-14,-0.0040096990515642306,1,1.0,2.0,True,IWM
2018-06-20,2018-06-27,2018-08-21,-0.03879288880035858,7,55.0,62.0,True,IWM
2018-08-22,2018-08-23,2018-08-24,-0.003054111967685569,1,1.0,2.0,True,IWM
2018-08-29,2018-08-30,2018-08-31,-0.0007271438522736817,1,1.0,2.0,True,IWM
2018-08-31,2020-03-23,2020-11-09,-0.41132380087851295,570,231.0,801.0,True,IWM
2020-11-10,2020-11-12,2020-11-13,-0.01580290479771218,2,1.0,3.0,True,IWM
2020-11-17,2020-11-18,2020-11-23,-0.013924783249001371,1,5.0,6.0,True,IWM
2020-11-24,2020-11-25,2020-11-27,-0.0034194486694124615,1,2.0,3.0,True,IWM
2020-11-27,2020-11-30,2020-12-04,-0.018103763852374555,3,4.0,7.0,True,IWM
2020-12-08,2020-12-09,2020-12-10,-0.007342458705369093,1,1.0,2.0,True,IWM
2020-12-10,2020-12-11,2020-12-15,-0.004940568807045187,1,4.0,5.0,True,IWM
2020-12-15,2020-12-16,2020-12-17,-0.003581695650124894,1,1.0,2.0,True,IWM
2020-12-17,2020-12-21,2020-12-22,-0.0053593963408617995,4,1.0,5.0,True,IWM
2020-12-23,2021-01-04,2021-01-06,-0.02834940721174528,12,2.0,14.0,True,IWM
2021-01-07,2021-01-11,2021-01-12,-0.0030604550039663447,4,1.0,5.0,True,IWM
2021-01-12,2021-01-13,2021-01-14,-0.007136825343209474,1,1.0,2.0,True,IWM
2021-01-14,2021-01-15,2021-01-20,-0.014989874925550817,1,5.0,6.0,True,IWM
2021-01-20,2021-01-21,2021-01-22,-0.008630117445675434,1,1.0,2.0,True,IWM
2021-01-22,2021-01-29,2021-02-04,-0.04389633296350037,7,6.0,13.0,True,IWM
2021-02-09,2021-03-04,2021-03-11,-0.06651848082734124,23,7.0,30.0,True,IWM
2021-03-15,2021-03-24,2021-11-01,-0.09545221301281104,9,222.0,231.0,True,IWM
2021-11-03,2021-11-04,2021-11-05,-0.0003819969100694598,1,1.0,2.0,True,IWM
2021-11-08,2023-10-27,2024-11-11,-0.3226687377862404,718,381.0,1099.0,True,IWM
2024-11-11,2024-11-15,2024-11-25,-0.05469590401323954,4,10.0,14.0,True,IWM
2024-11-25,2025-04-08,2025-09-18,-0.27879537953795386,134,163.0,297.0,True,IWM
2025-09-18,2025-09-25,2025-10-03,-0.022667864727985654,7,8.0,15.0,True,IWM
2025-10-06,2025-10-10,2025-10-14,-0.036546331185932535,4,4.0,8.0,True,IWM
2025-10-15,2025-11-20,2025-12-04,-0.08476810609994812,36,14.0,50.0,True,IWM
2025-12-04,2025-12-05,2025-12-10,-0.004169644984512666,1,5.0,6.0,True,IWM
2025-12-11,2025-12-17,,-0.04096198603568657,6,,,False,IWM
2005-02-25,2005-03-22,2005-04-15,-0.03659640732968461,25,24.0,49.0,True,TLT
2005-04-15,2005-04-18,2005-04-19,-0.0007502496772465728,3,1.0,4.0,True,TLT
2005-04-19,2005-04-21,2005-04-27,-0.012934857315775705,2,6.0,8.0,True,TLT
2005-04-28,2005-05-06,2005-05-13,-0.0166322690299866,8,7.0,15.0,True,TLT
2005-05-13,2005-05-16,2005-05-17,-0.0011619955719839314,3,1.0,4.0,True,TLT
2005-05-18,2005-05-19,2005-05-23,-0.002507303747359857,1,4.0,5.0,True,TLT
2005-05-24,2005-05-26,2005-05-31,-0.007201480086662104,2,5.0,7.0,True,TLT
2005-06-02,2005-06-03,2005-06-07,-0.008091123330714822,1,4.0,5.0,True,TLT
2005-06-07,2005-06-14,2005-06-27,-0.029078491388493388,7,13.0,20.0,True,TLT
2005-06-27,2005-06-29,2005-06-30,-0.008339353053528509,2,1.0,3.0,True,TLT
2005-06-30,2007-06-12,2008-03-19,-0.148373240653916,712,281.0,993.0,True,TLT
2008-03-20,2008-06-13,2008-09-15,-0.08548135204167073,85,94.0,179.0,True,TLT
2008-09-15,2008-09-16,2008-09-17,-0.00021730535325692468,1,1.0,2.0,True,TLT
2008-09-17,2008-09-23,2008-10-06,-0.0496687597903972,6,13.0,19.0,True,TLT
2008-10-06,2008-11-03,2008-11-19,-0.06517533667535225,28,16.0,44.0,True,TLT
2008-11-20,2008-11-24,2008-11-26,-0.02985573552220644,4,2.0,6.0,True,TLT
2008-12-04,2008-12-08,2008-12-09,-0.01834261770559864,4,1.0,5.0,True,TLT
2008-12-09,2008-12-10,2008-12-15,-0.002365814376993458,1,5.0,6.0,True,TLT
2008-12-19,2010-04-05,2011-09-22,-0.2847040693264885,472,535.0,1007.0,True,TLT
2011-09-22,2011-09-28,2011-10-03,-0.04964556394558772,6,5.0,11.0,True,TLT
2011-10-03,2011-10-27,2011-12-19,-0.10870340810894097,24,53.0,77.0,True,TLT
2011-12-19,2012-03-19,2012-05-17,-0.1042734530915137,91,59.0,150.0,True,TLT
2012-05-18,2012-05-22,2012-05-30,-0.012800707747796847,4,8.0,12.0,True,TLT
2012-06-01,2012-06-12,2012-07-23,-0.04395044108896795,11,41.0,52.0,True,TLT
2012-07-25,2013-08-21,2014-12-10,-0.20497951371870027,392,476.0,868.0,True,TLT
2014-12-12,2014-12-15,2014-12-16,-0.002004474865893835,3,1.0,4.0,True,TLT
2014-12-16,2014-12-23,2015-01-02,-0.03167797254418614,7,10.0,17.0,True,TLT
2015-01-06,2015-01-08,2015-01-12,-0.015406720374168903,2,4.0,6.0,True,TLT
2015-01-15,2015-01-16,2015-01-20,-0.012263767723465602,1,4.0,5.0,True,TLT
2015-01-20,2015-01-22,2015-01-28,-0.014677160481890494,2,6.0,8.0,True,TLT
2015-01-28,2015-01-29,2015-01-30,-0.006506702284978294,1,1.0,2.0,True,TLT
2015-01-30,2015-06-26,2016-06-09,-0.1578434795738296,147,349.0,496.0,True,TLT
2016-06-13,2016-06-14,2016-06-15,-0.0007536706552282446,1,1.0,2.0,True,TLT
2016-06-16,2016-06-23,2016-06-27,-0.03102642923740162,7,4.0,11.0,True,TLT
2016-06-28,2016-06-29,2016-07-01,-0.007478323699422029,1,2.0,3.0,True,TLT
2016-07-06,2016-07-07,2016-07-08,-7.056167090047083e-05,1,1.0,2.0,True,TLT
2016-07-08,2016-12-14,2019-07-02,-0.17858312248846553,159,930.0,1089.0,True,TLT
2019-07-03,2019-07-11,2019-08-01,-0.030868055555555496,8,21.0,29.0,True,TLT
2019-08-08,2019-08-09,2019-08-12,-0.0020051869712562898,1,3.0,4.0,True,TLT
2019-08-12,2019-08-13,2019-08-14,-0.003431982498515729,1,1.0,2.0,True,TLT
2019-08-15,2019-08-22,2019-08-27,-0.02521943672644611,7,5.0,12.0,True,TLT
2019-08-28,2019-11-08,2020-02-20,-0.08255718825713465,72,104.0,176.0,True,TLT
2020-02-25,2020-02-26,2020-02-27,-0.005379457482475036,1,1.0,2.0,True,TLT
2020-02-28,2020-03-02,2020-03-03,-0.007210932752308441,3,1.0,4.0,True,TLT
2020-03-03,2020-03-04,2020-03-05,-0.01069577682214129,1,1.0,2.0,True,TLT
2020-03-09,2020-03-18,2020-04-21,-0.15736789845154708,9,34.0,43.0,True,TLT
2020-04-21,2020-06-05,2020-07-30,-0.08629040361748452,45,55.0,100.0,True,TLT
2020-07-30,2020-08-03,2020-08-04,-0.005705543195772322,4,1.0,5.0,True,TLT
2020-08-04,2023-10-19,,-0.48350660933693634,1171,,,False,TLT
2005-02-28,2005-03-03,2005-03-08,-0.012637867647058876,3,5.0,8.0,True,GLD
2005-03-08,2005-03-09,2005-03-10,-0.00022711787417661888,1,1.0,2.0,True,GLD
2005-03-11,2005-06-01,2005-08-11,-0.06527121314427187,82,71.0,153.0,True,GLD
2005-08-12,2005-08-15,2005-08-16,-0.008091706001348564,3,1.0,4.0,True,GLD
2005-08-16,2005-08-30,2005-09-08,-0.03456790123456788,14,9.0,23.0,True,GLD
2005-09-12,2005-09-13,2005-09-14,-0.0073513031855646505,1,1.0,2.0,True,GLD
2005-09-19,2005-09-20,2005-09-21,-0.00043243243243251683,1,1.0,2.0,True,GLD
2005-09-21,2005-09-27,2005-09-29,-0.017212069698257615,6,2.0,8.0,True,GLD
2005-09-29,2005-10-05,2005-10-06,-0.01571125265392781,6,1.0,7.0,True,GLD
2005-10-11,2005-11-04,2005-11-16,-0.039670816627980665,24,12.0,36.0,True,GLD
2005-11-17,2005-11-18,2005-11-21,-0.0004125412541253759,1,3.0,4.0,True,GLD
2005-11-22,2005-11-23,2005-11-25,-0.0034468775344688174,1,2.0,3.0,True,GLD
2005-11-29,2005-11-30,2005-12-01,-0.014056224899598346,1,1.0,2.0,True,GLD
2005-12-12,2005-12-20,2006-01-03,-0.06697108066971091,8,14.0,22.0,True,GLD
2006-01-04,2006-01-05,2006-01-06,-0.01801125703564721,1,1.0,2.0,True,GLD
2006-01-09,2006-01-10,2006-01-13,-0.009890109890109855,1,3.0,4.0,True,GLD
2006-01-13,2006-01-18,2006-01-19,-0.024711399711399684,5,1.0,6.0,True,GLD
2006-01-19,2006-01-20,2006-01-23,-0.007015650296815945,1,3.0,4.0,True,GLD
2006-01-23,2006-01-24,2006-01-25,-0.0007172314864624107,1,1.0,2.0,True,GLD
2006-01-25,2006-01-27,2006-01-30,-0.009084431777698576,2,3.0,5.0,True,GLD
2006-02-02,2006-02-13,2006-03-29,-0.05721305721305714,11,44.0,55.0,True,GLD
2006-03-30,2006-03-31,2006-04-05,-0.008532423208191142,1,5.0,6.0,True,GLD
2006-04-06,2006-04-07,2006-04-10,-0.011639676113360253,1,3.0,4.0,True,GLD
2006-04-10,2006-04-11,2006-04-17,-0.009899328859060419,1,6.0,7.0,True,GLD
2006-04-19,2006-04-20,2006-04-28,-0.04376470588235293,1,8.0,9.0,True,GLD
2006-05-02,2006-05-03,2006-05-04,-0.0013523666416228597,1,1.0,2.0,True,GLD
2006-05-05,2006-05-08,2006-05-09,-0.006324459479335132,3,1.0,4.0,True,GLD
2006-05-12,2006-06-14,2007-09-18,-0.21794150731158612,33,461.0,494.0,True,GLD
2007-09-18,2007-09-19,2007-09-20,-0.003765690376568931,1,1.0,2.0,True,GLD
2007-09-20,2007-09-26,2007-09-28,-0.00990099009900991,6,2.0,8.0,True,GLD
2007-10-01,2007-10-03,2007-10-11,-0.02706359945872805,2,8.0,10.0,True,GLD
2007-10-15,2007-10-17,2007-10-18,-0.008517434122970458,2,1.0,3.0,True,GLD
2007-10-18,2007-10-22,2007-10-25,-0.018421052631579005,4,3.0,7.0,True,GLD
2007-10-29,2007-10-30,2007-10-31,-0.009856630824372936,1,1.0,2.0,True,GLD
2007-10-31,2007-11-01,2007-11-02,-0.00877639277537523,1,1.0,2.0,True,GLD
2007-11-02,2007-11-05,2007-11-06,-0.0010021295252411466,3,1.0,4.0,True,GLD
2007-11-07,2007-11-19,2007-12-28,-0.06079766536964981,12,39.0,51.0,True,GLD
2007-12-28,2007-12-31,2008-01-02,-0.006506024096385565,3,2.0,5.0,True,GLD
2008-01-03,2008-01-07,2008-01-08,-0.009349070936075732,4,1.0,5.0,True,GLD
2008-01-08,2008-01-09,2008-01-10,-0.0026503802719520797,1,1.0,2.0,True,GLD
2008-01-14,2008-01-17,2008-01-24,-0.033951306678579485,3,7.0,10.0,True,GLD
2008-01-28,2008-01-29,2008-01-30,-0.006539509536784727,1,1.0,2.0,True,GLD
2008-01-30,2008-02-05,2008-02-20,-0.047577666739083146,6,15.0,21.0,True,GLD
2008-02-22,2008-02-25,2008-02-26,-0.006960059963593612,3,1.0,4.0,True,GLD
2008-03-03,2008-03-04,2008-03-05,-0.021184697655285745,1,1.0,2.0,True,GLD
2008-03-05,2008-03-10,2008-03-13,-0.018931641424478007,5,3.0,8.0,True,GLD
2008-03-17,2008-11-12,2009-09-16,-0.29414137339921353,240,308.0,548.0,True,GLD
2009-09-16,2009-09-25,2009-10-06,-0.029126213592232997,9,11.0,20.0,True,GLD
2009-10-08,2009-10-09,2009-10-13,-0.007719027402547263,1,4.0,5.0,True,GLD
2009-10-13,2009-10-28,2009-11-03,-0.03385766353347397,15,6.0,21.0,True,GLD
2009-11-04,2009-11-05,2009-11-06,-0.0011204481792715937,1,1.0,2.0,True,GLD
2009-11-11,2009-11-12,2009-11-13,-0.012682481751824848,1,1.0,2.0,True,GLD
2009-11-25,2009-11-27,2009-12-01,-0.013376779283141849,2,4.0,6.0,True,GLD
2009-12-02,2010-02-08,2010-05-11,-0.1270347373720423,68,92.0,160.0,True,GLD
2010-05-12,2010-05-21,2010-06-07,-0.050906095551894626,9,17.0,26.0,True,GLD
2010-06-07,2010-06-10,2010-06-17,-0.02074244793810187,3,7.0,10.0,True,GLD
2010-06-18,2010-07-27,2010-09-14,-0.07587722869005942,39,49.0,88.0,True,GLD
2010-09-14,2010-09-15,2010-09-16,-0.0006450572488307937,1,1.0,2.0,True,GLD
2010-09-16,2010-09-17,2010-09-20,-0.0007221375270800579,1,3.0,4.0,True,GLD
2010-09-29,2010-09-30,2010-10-01,-0.0003126221180148603,1,1.0,2.0,True,GLD
2010-10-01,2010-10-04,2010-10-05,-0.003490807540144192,3,1.0,4.0,True,GLD
2010-10-06,2010-10-07,2010-10-11,-0.0109248160230635,1,4.0,5.0,True,GLD
2010-10-11,2010-10-12,2010-10-13,-0.0024945196159950056,1,1.0,2.0,True,GLD
2010-10-14,2010-10-21,2010-11-04,-0.03918367346938778,7,14.0,21.0,True,GLD
2010-11-08,2010-11-17,2010-12-03,-0.05370881114820736,9,16.0,25.0,True,GLD
2010-12-06,2011-01-27,2011-03-01,-0.08036805405793979,52,33.0,85.0,True,GLD
2011-03-01,2011-03-16,2011-03-23,-0.027065628793829788,15,7.0,22.0,True,GLD
2011-03-23,2011-03-29,2011-04-05,-0.01517742625053442,6,7.0,13.0,True,GLD
2011-04-08,2011-04-12,2011-04-14,-0.014269803703187978,4,2.0,6.0,True,GLD
2011-04-25,2011-04-26,2011-04-27,-0.0033362837883843532,1,1.0,2.0,True,GLD
2011-04-29,2011-05-05,2011-07-12,-0.05841044825096808,6,68.0,74.0,True,GLD
2011-07-18,2011-07-19,2011-07-25,-0.012199016414383368,1,6.0,7.0,True,GLD
2011-07-26,2011-07-27,2011-07-29,-0.0036762375610066567,1,2.0,3.0,True,GLD
2011-07-29,2011-08-01,2011-08-02,-0.0036009855328826834,3,1.0,4.0,True,GLD
2011-08-02,2011-08-04,2011-08-05,-0.005448241703813972,2,1.0,3.0,True,GLD
2011-08-10,2011-08-12,2011-08-18,-0.02640623209989701,2,6.0,8.0,True,GLD
2011-08-22,2015-12-17,2020-07-29,-0.4555501381439948,1578,1686.0,3264.0,True,GLD
2020-07-29,2020-07-30,2020-07-31,-0.007400205261167803,1,1.0,2.0,True,GLD
2020-08-06,2022-09-26,2024-03-04,-0.22002166176698124,781,525.0,1306.0,True,GLD
2024-03-11,2024-03-15,2024-03-20,-0.011336633663366347,4,5.0,9.0,True,GLD
2024-03-20,2024-03-22,2024-03-27,-0.00905134038975175,2,5.0,7.0,True,GLD
2024-04-03,2024-04-04,2024-04-05,-0.005734699633355267,1,1.0,2.0,True,GLD
2024-04-09,2024-04-10,2024-04-11,-0.009463867322092923,1,1.0,2.0,True,GLD
2024-04-11,2024-04-12,2024-04-15,-0.01323930846223853,1,3.0,4.0,True,GLD
2024-04-16,2024-04-30,2024-05-17,-0.04226561793689543,14,17.0,31.0,True,GLD
2024-05-20,2024-06-07,2024-07-16,-0.0577128607053794,18,39.0,57.0,True,GLD
2024-07-16,2024-07-25,2024-08-12,-0.043628717858863686,9,18.0,27.0,True,GLD
2024-08-12,2024-08-14,2024-08-16,-0.009675583380762687,2,2.0,4.0,True,GLD
2024-08-16,2024-08-19,2024-08-20,-0.0016380016380016515,3,1.0,4.0,True,GLD
2024-08-20,2024-08-22,2024-08-26,-0.013292609481201034,2,4.0,6.0,True,GLD
2024-08-27,2024-09-03,2024-09-12,-0.013282488538497783,7,9.0,16.0,True,GLD
2024-09-13,2024-09-18,2024-09-19,-0.013281380928439779,5,1.0,6.0,True,GLD
2024-09-24,2024-09-25,2024-09-26,-0.0013817206485959854,1,1.0,2.0,True,GLD
2024-09-26,2024-10-09,2024-10-16,-0.024010041298890505,13,7.0,20.0,True,GLD
2024-10-18,2024-10-21,2024-10-22,-0.00019898913519322825,3,1.0,4.0,True,GLD
2024-10-22,2024-10-23,2024-10-29,-0.012050565116370704,1,6.0,7.0,True,GLD
2024-10-30,2024-11-15,2025-01-30,-0.08120388349514562,16,76.0,92.0,True,GLD
2025-02-05,2025-02-06,2025-02-10,-0.002650210123802621,1,4.0,5.0,True,GLD
2025-02-10,2025-02-11,2025-02-13,-0.003651674926407611,1,2.0,3.0,True,GLD
2025-02-13,2025-02-14,2025-02-18,-0.014871813843365,1,4.0,5.0,True,GLD
2025-02-20,2025-02-21,2025-02-24,-0.0009225432672792522,1,3.0,4.0,True,GLD
2025-02-24,2025-02-28,2025-03-13,-0.03284229087836599,4,13.0,17.0,True,GLD
2025-03-19,2025-03-24,2025-03-27,-0.013731279570274979,5,3.0,8.0,True,GLD
2025-03-31,2025-04-01,2025-04-02,-0.0019782050392169737,1,1.0,2.0,True,GLD
2025-04-02,2025-04-07,2025-04-10,-0.05014575235980023,5,3.0,8.0,True,GLD
2025-04-11,2025-04-14,2025-04-16,-0.005706038331151575,3,2.0,5.0,True,GLD
2025-04-16,2025-04-17,2025-04-21,-0.004390672260708439,1,4.0,5.0,True,GLD
2025-04-21,2025-05-14,2025-06-13,-0.07107322792230408,23,30.0,53.0,True,GLD
2025-06-13,2025-07-30,2025-08-29,-0.048468177937968426,47,30.0,77.0,True,GLD
2025-09-03,2025-09-04,2025-09-05,-0.0044188456146766475,1,1.0,2.0,True,GLD
2025-09-08,2025-09-09,2025-09-10,-0.0022698763514723552,1,1.0,2.0,True,GLD
2025-09-10,2025-09-11,2025-09-12,-0.001491379824613781,1,1.0,2.0,True,GLD
2025-09-16,2025-09-18,2025-09-22,-0.011690568037928006,2,4.0,6.0,True,GLD
2025-09-23,2025-09-24,2025-09-26,-0.009063095306817481,1,2.0,3.0,True,GLD
2025-10-01,2025-10-02,2025-10-03,-0.0034828525686035894,1,1.0,2.0,True,GLD
2025-10-08,2025-10-09,2025-10-13,-0.018452860596293363,1,4.0,5.0,True,GLD
2025-10-16,2025-10-17,2025-10-20,-0.01881700088283511,1,3.0,4.0,True,GLD
2025-10-20,2025-11-04,2025-12-22,-0.10127744015874984,15,48.0,63.0,True,GLD
2025-12-23,2025-12-24,2025-12-26,-0.004134029590948551,1,2.0,3.0,True,GLD
2025-12-26,2025-12-29,,-0.04350434323559049,3,,,False,GLD
